{"_timestamp":1.7356355962772431e+09,"train/learning_rate":0,"eval/loss":5.223784319241531e-05,"train_loss":6.217120178412126,"eval/samples_per_second":6.65,"train_runtime":5414.1541,"total_flos":3.125306739130368e+17,"eval/runtime":153.0914,"train/grad_norm":0.000871726602781564,"eval/steps_per_second":1.666,"train_steps_per_second":0.423,"train_samples_per_second":3.384,"_wandb":{"runtime":5411},"_step":231,"train/global_step":2290,"train/epoch":2,"_runtime":5411.558255569,"train/loss":0.0001}