{"eval/loss":3.6975820064544678,"train_loss":75.7416534724198,"train/grad_norm":223.28378295898438,"train/learning_rate":7.559235341302872e-09,"train/global_step":508,"_timestamp":1.7356996366374712e+09,"train/epoch":1.9941060903732808,"train_runtime":3758.7176,"_wandb":{"runtime":3756},"train_samples_per_second":4.874,"total_flos":3.1167768736825344e+17,"_runtime":3756.214345118,"train_steps_per_second":0.135,"eval/samples_per_second":9.539,"eval/steps_per_second":1.593,"train/loss":22.6843,"_step":52,"eval/runtime":106.7224}